EmployeeID,Age,Gender,JobLevel,Turnover
1,29,Female,Unknown,Yes
2,30,Female,Senior,No
3,28,Male,Entry,Yes
4,35,Other,Entry,No
5,49,Male,Entry,No
6,23,Other,Mid,No
7,29,Female,Mid,No
8,34,Female,Mid,No
9,42,Female,Mid,No
10,49,Male,Senior,No
11,56,Female,Mid,No
12,44,Other,Entry,No
13,36,Female,Mid,No
14,23,Female,Unknown,No
15,33,Female,Mid,No
16,57,Other,Mid,No
17,24,Male,Mid,No
18,26,Female,Senior,No
19,24,Other,Mid,No
20,40,Male,Entry,No
21,23,Female,Unknown,No
22,58,Male,Senior,No
23,38,Female,Entry,No
24,35,Female,Mid,No
25,49,Other,Mid,Yes
26,48,Male,Entry,No
27,31,Female,Unknown,No
28,24,Male,Mid,Yes
29,57,Female,Senior,No
30,59,Female,Entry,No
31,46,Male,Mid,Yes
32,43,Male,Entry,No
33,51,Male,Mid,No
34,42,Male,Mid,Yes
35,51,Female,Mid,No
36,49,Female,Entry,No
37,52,Other,Entry,No
38,47,Male,Entry,Yes
39,43,Male,Entry,No
40,42,Male,Mid,No
41,22,Male,Mid,No
42,58,Other,Mid,Yes
43,34,Other,Mid,No
44,42,Male,Entry,No
45,30,Other,Entry,No
46,38,Male,Entry,No
47,42,Other,Senior,No
48,52,Other,Mid,No
49,43,Other,Entry,No
50,33,Male,Entry,No
51,27,Female,Senior,No
52,37,Male,Mid,No
53,47,Female,Mid,No
54,26,Male,Mid,No
55,30,Male,Entry,No
56,35,Male,Unknown,No
57,51,Female,Mid,No
58,47,Female,Entry,No
59,50,Female,Senior,No
60,40,Male,Mid,No
61,29,Male,Entry,No
62,44,Female,Mid,No
63,56,Female,Entry,Yes
64,52,Female,Entry,No
65,56,Female,Mid,No
66,53,Male,Entry,Yes
67,26,Female,Senior,No
68,37,Male,Unknown,No
69,38,Female,Entry,No
70,53,Other,Mid,No
71,59,Female,Senior,Yes
72,53,Other,Mid,No
73,41,Male,Mid,Yes
74,23,Female,Entry,No
75,41,Male,Mid,No
76,39,Male,Mid,No
77,22,Female,Unknown,No
78,50,Male,Entry,No
79,50,Other,Senior,No
80,40,Male,Entry,No
81,27,Male,Unknown,Yes
82,29,Male,Mid,No
83,45,Female,Mid,No
84,41,Female,Mid,Yes
85,35,Male,Entry,No
86,26,Female,Entry,No
87,55,Other,Entry,No
88,37,Female,Entry,No
89,28,Female,Entry,No
90,37,Male,Mid,No
91,28,Male,Mid,Yes
92,48,Other,Entry,No
93,35,Female,Senior,No
94,35,Male,Mid,No
95,54,Female,Unknown,No
96,54,Female,Mid,No
97,41,Male,Entry,No
98,57,Male,Mid,No
99,28,Female,Mid,No
100,53,Male,Entry,No
101,24,Other,Entry,No
102,50,Male,Entry,Yes
103,45,Other,Entry,Yes
104,43,Male,Mid,No
105,27,Male,Mid,No
106,45,Male,Entry,No
107,44,Other,Mid,Yes
108,59,Male,Mid,No
109,31,Male,Entry,No
110,37,Male,Entry,No
111,32,Other,Entry,No
112,53,Male,Entry,No
113,27,Female,Entry,Yes
114,45,Female,Entry,Yes
115,54,Other,Mid,Yes
116,33,Male,Mid,No
117,48,Female,Entry,Yes
118,59,Female,Entry,No
119,39,Female,Mid,No
120,34,Female,Senior,No
121,51,Other,Mid,No
122,34,Male,Mid,Yes
123,55,Female,Entry,No
124,57,Female,Entry,No
125,51,Female,Senior,Yes
126,46,Female,Entry,No
127,23,Other,Unknown,No
128,57,Other,Mid,No
129,39,Other,Mid,No
130,26,Female,Entry,No
131,40,Male,Mid,No
132,39,Female,Mid,Yes
133,53,Other,Entry,No
134,42,Female,Entry,Yes
135,31,Other,Senior,No
136,58,Male,Mid,No
137,43,Male,Mid,No
138,34,Female,Entry,No
139,38,Male,Mid,No
140,30,Male,Mid,No
141,45,Other,Mid,No
142,35,Female,Mid,No
143,29,Female,Mid,No
144,58,Female,Mid,No
145,40,Female,Entry,Yes
146,49,Male,Senior,No
147,51,Female,Mid,No
148,28,Male,Entry,Yes
149,47,Male,Mid,Yes
150,32,Male,Senior,Yes
151,35,Female,Entry,No
152,42,Other,Entry,No
153,29,Male,Mid,No
154,24,Female,Entry,No
155,49,Other,Mid,No
156,50,Female,Entry,No
157,44,Female,Mid,No
158,39,Female,Entry,No
159,56,Female,Entry,No
160,34,Female,Senior,No
161,33,Female,Mid,No
162,26,Female,Entry,No
163,32,Male,Entry,Yes
164,32,Male,Mid,Yes
165,52,Female,Mid,No
166,52,Male,Unknown,No
167,34,Female,Unknown,No
168,35,Female,Mid,No
169,46,Male,Mid,Yes
170,54,Other,Mid,Yes
171,54,Male,Mid,Yes
172,36,Male,Entry,No
173,37,Female,Entry,No
174,59,Male,Entry,No
175,27,Other,Entry,No
176,46,Male,Entry,No
177,36,Male,Mid,No
178,25,Female,Mid,No
179,25,Male,Mid,No
180,51,Female,Entry,No
181,55,Other,Entry,Yes
182,48,Female,Mid,Yes
183,52,Female,Entry,Yes
184,53,Female,Mid,Yes
185,30,Female,Unknown,No
186,29,Male,Entry,No
187,35,Female,Entry,No
188,54,Male,Mid,No
189,44,Male,Unknown,No
190,42,Male,Mid,No
191,33,Female,Senior,No
192,23,Other,Entry,No
193,34,Other,Unknown,Yes
194,25,Male,Entry,No
195,41,Female,Entry,No
196,35,Male,Senior,No
197,51,Other,Senior,No
198,50,Female,Entry,No
199,29,Female,Entry,Yes
200,33,Female,Entry,Yes
201,59,Female,Entry,No
202,47,Other,Entry,No
203,23,Female,Unknown,No
204,35,Male,Mid,Yes
205,27,Male,Mid,No
206,52,Male,Mid,No
207,38,Other,Mid,No
208,46,Female,Mid,No
209,53,Female,Mid,No
210,33,Female,Entry,No
211,34,Female,Mid,No
212,40,Male,Mid,Yes
213,46,Male,Senior,Yes
214,52,Female,Unknown,No
215,58,Other,Mid,No
216,46,Male,Mid,No
217,37,Male,Entry,No
218,59,Male,Mid,No
219,44,Male,Entry,No
220,35,Other,Entry,No
221,27,Male,Entry,Yes
222,46,Male,Mid,No
223,44,Female,Entry,No
224,33,Other,Senior,No
225,34,Other,Entry,No
226,57,Female,Senior,Yes
227,55,Female,Mid,No
228,27,Male,Entry,Yes
229,59,Other,Entry,No
230,29,Other,Mid,Yes
231,29,Female,Mid,No
232,54,Female,Mid,No
233,55,Female,Entry,No
234,36,Male,Mid,No
235,57,Female,Unknown,No
236,56,Female,Entry,No
237,43,Female,Mid,No
238,44,Male,Entry,No
239,43,Male,Mid,No
240,26,Female,Mid,Yes
241,52,Female,Entry,No
242,34,Male,Entry,No
243,49,Female,Entry,No
244,41,Male,Mid,No
245,54,Male,Mid,Yes
246,37,Female,Unknown,No
247,50,Male,Mid,Yes
248,44,Other,Entry,No
249,45,Other,Senior,No
250,55,Male,Mid,No
251,28,Female,Mid,Yes
252,59,Female,Entry,No
253,58,Male,Entry,No
254,25,Male,Senior,Yes
255,55,Female,Mid,No
256,43,Male,Entry,Yes
257,26,Female,Mid,Yes
258,44,Female,Senior,No
259,36,Male,Entry,No
260,52,Male,Mid,Yes
261,30,Other,Unknown,Yes
262,46,Male,Entry,No
263,46,Male,Mid,No
264,42,Male,Mid,No
265,30,Female,Mid,No
266,59,Male,Entry,No
267,43,Male,Entry,No
268,44,Female,Mid,No
269,25,Female,Entry,No
270,50,Male,Mid,Yes
271,36,Male,Entry,Yes
272,22,Female,Entry,No
273,51,Other,Unknown,Yes
274,50,Female,Mid,Yes
275,41,Male,Unknown,Yes
276,54,Female,Entry,No
277,57,Male,Mid,No
278,43,Male,Entry,No
279,34,Female,Mid,No
280,28,Other,Mid,No
281,29,Female,Entry,No
282,49,Female,Senior,No
283,30,Female,Entry,Yes
284,46,Male,Mid,Yes
285,37,Male,Unknown,Yes
286,31,Other,Senior,Yes
287,32,Male,Unknown,No
288,52,Male,Entry,No
289,33,Male,Entry,No
290,52,Male,Entry,No
291,35,Male,Mid,No
292,53,Other,Mid,No
293,38,Male,Entry,No
294,56,Other,Mid,No
295,22,Female,Entry,Yes
296,50,Male,Entry,Yes
297,25,Male,Mid,No
298,44,Male,Mid,No
299,49,Male,Senior,Yes
300,37,Female,Entry,Yes
301,33,Other,Mid,No
302,42,Male,Entry,Yes
303,38,Female,Entry,No
304,34,Female,Mid,Yes
305,53,Female,Senior,No
306,58,Female,Entry,No
307,36,Female,Entry,No
308,33,Female,Mid,Yes
309,36,Male,Entry,No
310,55,Male,Senior,No
311,27,Female,Mid,No
312,38,Other,Entry,No
313,41,Male,Mid,No
314,30,Male,Mid,No
315,26,Male,Entry,No
316,44,Male,Mid,No
317,54,Other,Entry,No
318,59,Male,Mid,Yes
319,35,Female,Entry,No
320,38,Female,Senior,No
321,40,Male,Entry,No
322,54,Male,Entry,No
323,22,Male,Senior,No
324,34,Female,Entry,No
325,48,Other,Entry,No
326,27,Other,Entry,No
327,27,Female,Entry,No
328,54,Female,Senior,No
329,51,Female,Mid,No
330,56,Male,Entry,No
331,44,Female,Mid,No
332,31,Male,Mid,No
333,40,Female,Senior,Yes
334,49,Male,Entry,No
335,44,Female,Mid,No
336,25,Male,Mid,No
337,41,Male,Mid,Yes
338,40,Other,Mid,No
339,48,Female,Entry,No
340,55,Male,Mid,No
341,25,Female,Mid,No
342,59,Male,Unknown,No
343,28,Male,Entry,No
344,28,Female,Mid,Yes
345,47,Male,Senior,No
346,47,Male,Mid,Yes
347,40,Male,Senior,No
348,30,Male,Senior,No
349,41,Male,Entry,No
350,37,Male,Mid,No
351,38,Female,Entry,Yes
352,43,Female,Mid,No
353,34,Male,Entry,Yes
354,33,Male,Mid,Yes
355,31,Male,Mid,No
356,22,Male,Mid,Yes
357,53,Other,Entry,No
358,51,Female,Unknown,No
359,29,Male,Entry,Yes
360,42,Male,Entry,Yes
361,43,Female,Entry,No
362,39,Male,Unknown,No
363,23,Other,Unknown,No
364,30,Female,Mid,No
365,24,Female,Senior,No
366,47,Male,Entry,No
367,42,Male,Unknown,No
368,51,Female,Entry,No
369,49,Male,Entry,No
370,57,Other,Entry,No
371,47,Male,Mid,No
372,55,Female,Mid,No
373,29,Female,Entry,Yes
374,31,Male,Unknown,No
375,35,Male,Mid,No
376,36,Male,Entry,No
377,38,Female,Mid,Yes
378,39,Other,Mid,No
379,53,Female,Senior,No
380,59,Female,Mid,No
381,44,Female,Mid,Yes
382,44,Male,Entry,No
383,56,Other,Mid,Yes
384,36,Other,Unknown,No
385,45,Female,Entry,No
386,49,Female,Senior,Yes
387,37,Male,Mid,No
388,37,Male,Entry,No
389,27,Other,Unknown,No
390,23,Female,Mid,No
391,34,Female,Entry,No
392,30,Female,Entry,No
393,55,Male,Entry,No
394,38,Other,Senior,No
395,48,Male,Mid,No
396,50,Male,Senior,Yes
397,58,Male,Entry,No
398,43,Male,Entry,No
399,45,Female,Entry,No
400,28,Other,Mid,No
401,55,Male,Unknown,No
402,33,Male,Mid,No
403,44,Male,Entry,No
404,36,Other,Senior,No
405,54,Other,Mid,Yes
406,34,Female,Entry,No
407,44,Other,Senior,No
408,59,Other,Entry,No
409,53,Male,Entry,No
410,56,Other,Entry,Yes
411,22,Other,Mid,Yes
412,26,Male,Mid,No
413,34,Other,Entry,No
414,26,Male,Entry,No
415,53,Female,Mid,No
416,42,Female,Unknown,No
417,45,Male,Mid,Yes
418,39,Male,Entry,No
419,42,Other,Entry,No
420,31,Male,Entry,No
421,45,Male,Entry,No
422,42,Male,Mid,No
423,46,Female,Mid,No
424,44,Male,Mid,No
425,43,Other,Mid,No
426,25,Other,Entry,Yes
427,55,Female,Entry,No
428,27,Female,Mid,No
429,49,Other,Entry,No
430,52,Female,Entry,No
431,56,Other,Entry,No
432,44,Female,Entry,No
433,27,Male,Entry,No
434,37,Male,Senior,Yes
435,23,Other,Senior,No
436,45,Female,Entry,Yes
437,38,Male,Entry,No
438,22,Female,Mid,Yes
439,27,Female,Entry,No
440,26,Male,Entry,Yes
441,50,Male,Entry,No
442,33,Male,Entry,No
443,24,Male,Mid,No
444,22,Female,Senior,No
445,48,Female,Entry,No
446,45,Other,Entry,No
447,40,Male,Entry,Yes
448,29,Other,Entry,No
449,23,Male,Unknown,No
450,51,Other,Mid,No
451,51,Other,Mid,No
452,53,Female,Mid,No
453,22,Male,Senior,No
454,59,Other,Senior,No
455,34,Male,Entry,No
456,32,Male,Entry,Yes
457,31,Male,Mid,No
458,47,Female,Entry,Yes
459,41,Other,Unknown,No
460,38,Male,Mid,No
461,38,Male,Unknown,No
462,25,Other,Entry,No
463,26,Female,Senior,No
464,44,Male,Entry,No
465,31,Male,Unknown,No
466,49,Female,Entry,Yes
467,54,Female,Mid,No
468,47,Female,Mid,No
469,50,Female,Mid,Yes
470,48,Male,Mid,No
471,39,Female,Unknown,No
472,31,Other,Mid,No
473,26,Female,Mid,No
474,31,Male,Entry,No
475,42,Male,Senior,No
476,45,Female,Mid,No
477,59,Female,Mid,No
478,24,Other,Entry,No
479,52,Female,Mid,No
480,58,Female,Entry,No
481,23,Other,Entry,No
482,23,Other,Mid,No
483,55,Female,Entry,No
484,41,Male,Entry,No
485,54,Male,Mid,No
486,25,Female,Entry,Yes
487,32,Male,Entry,No
488,26,Female,Entry,No
489,46,Female,Mid,Yes
490,58,Female,Mid,No
491,55,Male,Mid,No
492,30,Male,Entry,No
493,27,Male,Entry,No
494,39,Male,Entry,No
495,35,Female,Mid,No
496,40,Male,Senior,Yes
497,35,Female,Entry,No
498,38,Other,Entry,No
499,56,Male,Entry,No
500,50,Other,Mid,No
501,38,Female,Mid,No
502,29,Other,Mid,No
503,22,Female,Senior,No
504,57,Other,Mid,No
505,28,Other,Entry,Yes
506,26,Male,Entry,No
507,45,Male,Mid,No
508,49,Other,Mid,No
509,38,Female,Mid,No
510,58,Male,Mid,No
511,41,Male,Mid,No
512,24,Male,Senior,No
513,58,Male,Mid,Yes
514,47,Female,Mid,No
515,36,Other,Entry,Yes
516,29,Female,Mid,No
517,34,Male,Senior,No
518,24,Male,Entry,No
519,22,Male,Mid,Yes
520,30,Male,Mid,No
521,52,Other,Entry,No
522,47,Male,Mid,No
523,38,Other,Entry,No
524,55,Female,Unknown,Yes
525,30,Other,Senior,No
526,34,Other,Entry,No
527,26,Female,Entry,No
528,34,Other,Mid,No
529,22,Male,Entry,No
530,46,Female,Entry,No
531,25,Female,Mid,No
532,57,Male,Entry,Yes
533,31,Male,Entry,No
534,49,Female,Senior,No
535,27,Male,Senior,Yes
536,48,Male,Mid,No
537,33,Male,Senior,No
538,24,Female,Entry,No
539,54,Male,Entry,No
540,31,Male,Entry,No
541,52,Female,Mid,Yes
542,36,Male,Senior,No
543,28,Other,Mid,Yes
544,57,Male,Senior,No
545,35,Male,Mid,No
546,35,Male,Entry,No
547,24,Male,Mid,No
548,24,Female,Entry,No
549,43,Male,Entry,No
550,40,Male,Mid,No
551,56,Other,Mid,No
552,33,Other,Mid,No
553,26,Female,Mid,No
554,31,Female,Entry,Yes
555,54,Other,Mid,No
556,34,Female,Mid,Yes
557,56,Female,Entry,No
558,53,Female,Senior,No
559,32,Other,Mid,No
560,59,Female,Mid,No
561,45,Male,Senior,No
562,56,Other,Senior,No
563,40,Female,Senior,No
564,27,Female,Entry,No
565,56,Female,Entry,No
566,25,Female,Entry,No
567,54,Female,Entry,No
568,34,Female,Senior,No
569,57,Female,Mid,No
570,40,Female,Entry,No
571,33,Male,Entry,No
572,32,Male,Entry,No
573,27,Other,Mid,No
574,33,Male,Mid,No
575,48,Other,Senior,No
576,46,Other,Senior,No
577,24,Male,Entry,No
578,24,Female,Entry,No
579,41,Female,Entry,No
580,49,Male,Entry,No
581,44,Male,Senior,No
582,24,Male,Mid,No
583,45,Male,Mid,Yes
584,27,Male,Mid,No
585,41,Female,Entry,No
586,32,Male,Entry,Yes
587,53,Female,Mid,No
588,48,Male,Mid,No
589,42,Male,Entry,Yes
590,34,Female,Mid,No
591,43,Female,Senior,No
592,56,Female,Mid,No
593,43,Female,Mid,No
594,49,Other,Mid,No
595,42,Male,Mid,No
596,39,Female,Mid,No
597,52,Other,Unknown,No
598,58,Other,Entry,No
599,42,Other,Mid,No
600,35,Female,Entry,No
601,46,Female,Entry,No
602,48,Other,Mid,No
603,44,Female,Senior,No
604,52,Male,Entry,No
605,50,Male,Entry,No
606,51,Female,Entry,No
607,47,Female,Mid,No
608,41,Female,Entry,No
609,59,Male,Entry,No
610,40,Male,Mid,No
611,48,Female,Entry,No
612,46,Male,Mid,No
613,59,Female,Mid,No
614,44,Male,Entry,No
615,50,Male,Mid,No
616,36,Female,Mid,No
617,24,Other,Mid,No
618,31,Female,Mid,Yes
619,36,Male,Entry,No
620,37,Male,Senior,Yes
621,38,Female,Mid,No
622,40,Male,Entry,No
623,32,Male,Entry,No
624,26,Female,Entry,No
625,26,Female,Entry,No
626,35,Female,Mid,Yes
627,47,Other,Entry,No
628,29,Female,Entry,Yes
629,26,Female,Mid,Yes
630,28,Female,Entry,Yes
631,37,Other,Mid,No
632,35,Male,Mid,No
633,58,Other,Entry,No
634,25,Female,Mid,No
635,57,Male,Mid,Yes
636,38,Female,Entry,No
637,57,Other,Entry,Yes
638,27,Male,Mid,No
639,37,Other,Senior,Yes
640,50,Male,Mid,No
641,57,Female,Entry,No
642,59,Male,Mid,No
643,58,Female,Mid,No
644,31,Male,Mid,No
645,57,Male,Mid,Yes
646,50,Female,Mid,No
647,35,Female,Senior,No
648,25,Male,Mid,Yes
649,57,Female,Mid,No
650,34,Female,Entry,Yes
651,39,Male,Senior,No
652,54,Female,Senior,No
653,42,Female,Entry,No
654,37,Female,Mid,No
655,36,Female,Entry,Yes
656,26,Male,Mid,No
657,27,Female,Mid,No
658,59,Female,Entry,No
659,24,Male,Senior,No
660,33,Female,Entry,No
661,57,Female,Mid,No
662,54,Female,Mid,No
663,57,Male,Entry,Yes
664,54,Female,Entry,No
665,52,Other,Entry,Yes
666,42,Male,Mid,No
667,48,Male,Mid,No
668,48,Male,Entry,No
669,29,Female,Entry,Yes
670,58,Male,Entry,No
671,53,Male,Mid,No
672,47,Other,Mid,Yes
673,23,Female,Entry,No
674,33,Other,Mid,No
675,43,Female,Entry,Yes
676,38,Male,Senior,No
677,28,Female,Senior,No
678,25,Male,Mid,No
679,58,Male,Senior,No
680,59,Female,Senior,No
681,53,Male,Senior,No
682,32,Male,Mid,No
683,22,Female,Entry,No
684,46,Female,Entry,No
685,45,Male,Entry,Yes
686,38,Female,Mid,Yes
687,29,Male,Entry,No
688,48,Male,Entry,No
689,39,Female,Mid,Yes
690,48,Female,Entry,Yes
691,43,Female,Mid,No
692,37,Female,Senior,No
693,23,Male,Mid,No
694,26,Female,Mid,No
695,39,Male,Mid,No
696,24,Other,Mid,No
697,48,Female,Entry,No
698,38,Other,Senior,Yes
699,37,Male,Entry,No
700,27,Female,Entry,No
701,28,Female,Mid,No
702,35,Male,Entry,Yes
703,59,Male,Entry,No
704,36,Male,Entry,No
705,54,Other,Entry,Yes
706,48,Other,Entry,No
707,50,Female,Entry,No
708,58,Female,Mid,No
709,26,Male,Senior,No
710,50,Female,Entry,No
711,53,Male,Senior,No
712,27,Male,Entry,No
713,23,Female,Entry,Yes
714,27,Other,Entry,No
715,25,Female,Mid,No
716,50,Female,Mid,Yes
717,46,Female,Mid,No
718,30,Male,Mid,No
719,24,Female,Mid,No
720,47,Male,Mid,No
721,48,Male,Senior,No
722,57,Female,Entry,Yes
723,53,Female,Entry,Yes
724,22,Male,Mid,No
725,37,Female,Mid,No
726,32,Female,Entry,No
727,47,Female,Entry,No
728,22,Male,Mid,No
729,47,Male,Mid,No
730,49,Female,Entry,No
731,30,Female,Senior,Yes
732,43,Male,Mid,No
733,29,Other,Mid,No
734,48,Male,Mid,No
735,40,Male,Senior,No
736,46,Male,Entry,No
737,59,Other,Entry,No
738,42,Female,Mid,No
739,45,Other,Mid,No
740,45,Male,Entry,No
741,40,Other,Unknown,No
742,23,Male,Mid,Yes
743,35,Female,Entry,No
744,53,Female,Entry,No
745,53,Male,Entry,No
746,49,Female,Mid,No
747,34,Female,Unknown,No
748,33,Other,Mid,No
749,29,Other,Unknown,No
750,36,Male,Senior,No
751,47,Female,Mid,Yes
752,33,Male,Mid,No
753,48,Male,Mid,No
754,39,Male,Mid,No
755,57,Female,Entry,No
756,48,Female,Mid,No
757,30,Male,Entry,Yes
758,22,Female,Senior,Yes
759,28,Other,Senior,No
760,47,Male,Entry,No
761,28,Female,Entry,No
762,28,Female,Mid,No
763,29,Other,Mid,No
764,37,Female,Entry,No
765,24,Female,Mid,No
766,31,Female,Entry,No
767,28,Female,Entry,No
768,42,Female,Entry,No
769,58,Female,Entry,No
770,52,Male,Mid,No
771,44,Female,Unknown,No
772,48,Other,Mid,Yes
773,43,Male,Mid,No
774,48,Male,Entry,No
775,25,Male,Mid,Yes
776,45,Male,Entry,No
777,44,Female,Mid,No
778,40,Other,Senior,No
779,24,Male,Entry,Yes
780,48,Male,Mid,No
781,24,Male,Entry,No
782,49,Other,Entry,No
783,38,Other,Entry,No
784,52,Male,Entry,No
785,31,Other,Entry,No
786,43,Male,Entry,No
787,51,Male,Mid,No
788,42,Male,Entry,No
789,57,Female,Mid,No
790,44,Male,Senior,No
791,59,Other,Mid,No
792,33,Male,Entry,Yes
793,46,Male,Entry,No
794,41,Male,Senior,No
795,28,Female,Mid,No
796,50,Other,Mid,No
797,50,Other,Entry,No
798,34,Male,Mid,No
799,24,Male,Entry,No
800,23,Male,Senior,No
801,37,Other,Senior,No
802,51,Other,Entry,No
803,59,Male,Mid,No
804,27,Female,Entry,No
805,28,Male,Mid,No
806,26,Other,Senior,No
807,28,Female,Mid,Yes
808,55,Female,Entry,No
809,53,Female,Entry,No
810,34,Male,Senior,No
811,51,Male,Mid,No
812,46,Male,Mid,No
813,42,Female,Entry,No
814,42,Male,Entry,No
815,49,Female,Unknown,No
816,41,Female,Mid,Yes
817,55,Male,Mid,No
818,26,Other,Mid,No
819,39,Female,Mid,Yes
820,32,Female,Entry,No
821,38,Female,Entry,No
822,43,Other,Mid,Yes
823,58,Male,Mid,No
824,41,Other,Mid,Yes
825,27,Female,Senior,No
826,55,Other,Entry,No
827,35,Female,Entry,No
828,44,Male,Unknown,No
829,41,Female,Mid,No
830,34,Female,Mid,Yes
831,53,Male,Mid,No
832,47,Other,Mid,No
833,35,Male,Entry,Yes
834,57,Female,Mid,No
835,29,Other,Senior,No
836,43,Female,Mid,No
837,43,Female,Mid,No
838,37,Female,Entry,No
839,48,Other,Entry,No
840,31,Female,Entry,No
841,46,Female,Entry,Yes
842,52,Female,Unknown,No
843,42,Male,Mid,No
844,48,Female,Mid,No
845,38,Other,Mid,No
846,54,Female,Entry,Yes
847,52,Female,Unknown,No
848,47,Female,Entry,Yes
849,42,Female,Entry,Yes
850,57,Male,Mid,No
851,22,Male,Senior,Yes
852,25,Male,Senior,Yes
853,25,Female,Entry,No
854,47,Male,Senior,Yes
855,25,Male,Entry,Yes
856,30,Female,Entry,Yes
857,51,Female,Senior,No
858,25,Other,Senior,No
859,26,Female,Mid,No
860,44,Male,Mid,No
861,37,Female,Senior,No
862,43,Other,Mid,Yes
863,58,Female,Senior,Yes
864,29,Male,Mid,No
865,54,Other,Unknown,No
866,59,Other,Unknown,No
867,37,Female,Entry,No
868,26,Other,Senior,No
869,37,Female,Mid,Yes
870,28,Female,Entry,No
871,22,Other,Mid,No
872,30,Female,Entry,No
873,39,Female,Mid,No
874,24,Other,Senior,No
875,45,Female,Entry,No
876,49,Other,Mid,No
877,31,Male,Senior,No
878,30,Male,Mid,No
879,34,Female,Entry,No
880,56,Male,Mid,No
881,44,Male,Mid,No
882,38,Male,Mid,Yes
883,28,Female,Senior,No
884,37,Female,Mid,Yes
885,57,Male,Senior,No
886,41,Female,Mid,No
887,45,Other,Entry,No
888,26,Male,Mid,Yes
889,27,Male,Mid,No
890,49,Male,Mid,No
891,26,Male,Entry,No
892,59,Male,Entry,No
893,23,Female,Entry,No
894,42,Male,Entry,No
895,58,Other,Mid,No
896,39,Male,Entry,Yes
897,33,Male,Mid,No
898,38,Male,Entry,Yes
899,58,Female,Entry,No
900,59,Female,Mid,Yes
901,36,Male,Entry,No
902,28,Other,Senior,No
903,35,Female,Entry,No
904,22,Female,Mid,No
905,59,Female,Senior,Yes
906,24,Male,Mid,No
907,58,Female,Entry,No
908,52,Other,Mid,No
909,34,Female,Mid,No
910,39,Other,Unknown,No
911,38,Male,Senior,No
912,38,Other,Entry,No
913,32,Female,Unknown,No
914,41,Male,Entry,No
915,31,Female,Entry,No
916,50,Female,Senior,No
917,55,Female,Entry,Yes
918,38,Male,Entry,No
919,34,Male,Entry,No
920,48,Other,Mid,No
921,47,Female,Mid,No
922,49,Male,Mid,No
923,34,Male,Entry,No
924,33,Female,Mid,No
925,49,Male,Senior,No
926,23,Male,Senior,No
927,58,Male,Entry,Yes
928,55,Female,Unknown,Yes
929,44,Other,Mid,No
930,50,Female,Entry,No
931,56,Other,Entry,No
932,32,Male,Entry,No
933,54,Female,Mid,No
934,32,Male,Entry,No
935,30,Female,Mid,No
936,35,Other,Entry,No
937,30,Male,Senior,No
938,24,Female,Entry,No
939,50,Male,Senior,No
940,40,Male,Senior,No
941,57,Male,Entry,No
942,53,Male,Mid,No
943,28,Female,Entry,No
944,49,Female,Senior,No
945,39,Other,Mid,No
946,26,Male,Entry,No
947,44,Female,Entry,No
948,43,Female,Entry,No
949,47,Other,Senior,No
950,33,Female,Mid,Yes
951,40,Other,Senior,Yes
952,22,Male,Entry,No
953,24,Male,Entry,No
954,48,Female,Unknown,No
955,39,Female,Entry,No
956,51,Other,Senior,No
957,23,Other,Entry,Yes
958,26,Male,Entry,Yes
959,50,Male,Mid,No
960,54,Other,Unknown,No
961,41,Female,Unknown,No
962,51,Male,Entry,No
963,26,Other,Entry,No
964,42,Female,Mid,Yes
965,36,Other,Mid,Yes
966,41,Female,Mid,No
967,29,Female,Entry,No
968,52,Male,Unknown,No
969,33,Male,Mid,No
970,42,Other,Senior,No
971,51,Other,Mid,No
972,48,Female,Mid,Yes
973,47,Male,Unknown,No
974,54,Male,Mid,No
975,47,Other,Senior,No
976,47,Male,Unknown,Yes
977,57,Female,Mid,No
978,22,Male,Mid,Yes
979,36,Other,Entry,No
980,22,Male,Entry,No
981,32,Male,Entry,No
982,23,Male,Entry,No
983,22,Female,Entry,No
984,52,Male,Entry,No
985,37,Other,Entry,No
986,43,Female,Mid,Yes
987,39,Other,Entry,No
988,38,Male,Entry,No
989,51,Female,Mid,No
990,31,Male,Mid,No
991,56,Male,Mid,No
992,42,Other,Mid,No
993,37,Female,Senior,No
994,27,Other,Mid,No
995,24,Female,Mid,Yes
996,42,Female,Unknown,Yes
997,34,Other,Senior,No
998,39,Female,Mid,No
999,45,Male,Mid,No
1000,48,Female,Entry,Yes
1001,25,Female,Mid,No
1002,43,Other,Unknown,No
1003,45,Male,Mid,No
1004,31,Female,Senior,No
1005,23,Female,Mid,No
1006,27,Female,Unknown,Yes
1007,39,Female,Mid,No
1008,38,Other,Entry,No
1009,59,Other,Mid,No
1010,44,Female,Entry,Yes
1011,51,Other,Entry,No
1012,42,Other,Senior,No
1013,31,Female,Entry,No
1014,34,Male,Mid,Yes
1015,33,Female,Entry,Yes
1016,30,Male,Entry,Yes
1017,25,Other,Unknown,No
1018,45,Male,Entry,Yes
1019,55,Other,Mid,No
1020,26,Male,Mid,Yes
1021,36,Male,Mid,No
1022,25,Female,Senior,Yes
1023,29,Male,Mid,No
1024,45,Other,Mid,No
1025,49,Female,Senior,No
1026,48,Male,Entry,No
1027,22,Female,Mid,Yes
1028,55,Female,Unknown,No
1029,38,Female,Mid,No
1030,58,Female,Senior,Yes
1031,59,Female,Mid,No
1032,47,Female,Senior,Yes
1033,45,Other,Senior,No
1034,42,Other,Entry,No
1035,51,Other,Entry,No
1036,34,Male,Mid,No
1037,58,Female,Mid,Yes
1038,24,Female,Entry,No
1039,53,Other,Entry,Yes
1040,56,Other,Entry,No
1041,40,Female,Unknown,Yes
1042,35,Female,Mid,No
1043,43,Female,Mid,No
1044,38,Male,Entry,No
1045,25,Male,Entry,No
1046,40,Female,Entry,No
1047,58,Female,Entry,No
1048,23,Other,Senior,No
1049,36,Male,Unknown,No
1050,23,Male,Entry,No
1051,32,Female,Entry,No
1052,44,Male,Entry,No
1053,31,Male,Mid,Yes
1054,24,Female,Entry,No
1055,26,Female,Entry,Yes
1056,24,Other,Entry,Yes
1057,59,Other,Mid,No
1058,34,Male,Mid,No
1059,40,Other,Mid,No
1060,56,Female,Entry,Yes
1061,45,Male,Senior,No
1062,45,Other,Unknown,No
1063,38,Male,Entry,Yes
1064,31,Male,Entry,No
1065,23,Male,Mid,No
1066,44,Male,Entry,No
1067,27,Male,Mid,Yes
1068,23,Male,Mid,No
1069,42,Female,Mid,No
1070,56,Female,Entry,No
1071,50,Male,Mid,No
1072,28,Male,Unknown,Yes
1073,50,Female,Entry,No
1074,58,Female,Mid,No
1075,44,Male,Entry,Yes
1076,54,Male,Entry,No
1077,29,Male,Mid,No
1078,33,Female,Entry,Yes
1079,31,Other,Entry,No
1080,36,Other,Entry,No
1081,45,Male,Mid,No
1082,47,Female,Mid,No
1083,24,Male,Entry,No
1084,23,Male,Mid,No
1085,27,Female,Entry,No
1086,42,Male,Mid,No
1087,30,Female,Mid,Yes
1088,31,Other,Mid,No
1089,57,Female,Unknown,Yes
1090,24,Male,Senior,Yes
1091,45,Male,Entry,No
1092,43,Male,Senior,No
1093,35,Male,Entry,No
1094,48,Other,Unknown,No
1095,54,Other,Entry,No
1096,43,Male,Entry,No
1097,50,Male,Entry,No
1098,40,Male,Entry,No
1099,40,Male,Mid,No
1100,27,Female,Senior,No
1101,40,Female,Mid,No
1102,34,Female,Mid,No
1103,47,Male,Mid,Yes
1104,43,Female,Entry,No
1105,42,Male,Entry,No
1106,57,Other,Entry,No
1107,23,Female,Entry,No
1108,51,Other,Entry,No
1109,48,Male,Entry,No
1110,28,Male,Entry,No
1111,41,Female,Entry,No
1112,52,Male,Senior,No
1113,44,Male,Entry,No
1114,34,Male,Mid,No
1115,38,Female,Mid,No
1116,25,Male,Mid,No
1117,35,Female,Entry,No
1118,41,Female,Entry,No
1119,34,Male,Entry,Yes
1120,24,Male,Entry,Yes
1121,47,Female,Entry,Yes
1122,47,Female,Mid,No
1123,39,Female,Mid,No
1124,53,Female,Mid,Yes
1125,35,Female,Mid,Yes
1126,24,Male,Entry,No
1127,22,Female,Senior,No
1128,47,Female,Entry,No
1129,45,Female,Mid,No
1130,56,Male,Mid,No
1131,35,Other,Mid,No
1132,24,Other,Entry,No
1133,34,Other,Mid,Yes
1134,35,Male,Entry,Yes
1135,42,Male,Entry,Yes
1136,47,Male,Entry,No
1137,24,Female,Entry,No
1138,25,Female,Mid,Yes
1139,57,Female,Senior,No
1140,22,Female,Entry,No
1141,54,Female,Senior,No
1142,28,Female,Unknown,No
1143,32,Male,Unknown,No
1144,48,Male,Senior,No
1145,35,Male,Entry,Yes
1146,43,Female,Entry,No
1147,37,Female,Mid,No
1148,33,Female,Mid,No
1149,31,Female,Senior,No
1150,45,Male,Unknown,No
1151,39,Male,Mid,No
1152,43,Other,Entry,No
1153,30,Male,Entry,No
1154,38,Male,Entry,No
1155,59,Male,Mid,No
1156,34,Male,Mid,No
1157,58,Male,Senior,Yes
1158,27,Other,Mid,No
1159,42,Male,Senior,No
1160,57,Female,Mid,No
1161,28,Female,Senior,No
1162,57,Female,Entry,Yes
1163,46,Male,Senior,Yes
1164,32,Female,Mid,No
1165,35,Other,Entry,No
1166,50,Female,Entry,No
1167,31,Female,Senior,Yes
1168,26,Male,Entry,No
1169,29,Female,Mid,No
1170,26,Male,Entry,No
1171,45,Male,Mid,Yes
1172,47,Female,Senior,No
1173,27,Male,Entry,No
1174,37,Male,Mid,No
1175,57,Male,Unknown,No
1176,33,Female,Mid,No
1177,32,Male,Senior,No
1178,24,Other,Mid,Yes
1179,58,Male,Entry,Yes
1180,27,Other,Mid,Yes
1181,40,Female,Mid,No
1182,39,Male,Entry,No
1183,37,Female,Entry,No
1184,44,Male,Entry,Yes
1185,58,Female,Mid,No
1186,30,Other,Senior,No
1187,24,Female,Entry,No
1188,29,Male,Mid,Yes
1189,59,Other,Senior,No
1190,25,Other,Entry,No
1191,33,Female,Mid,No
1192,52,Male,Unknown,No
1193,46,Female,Unknown,Yes
1194,37,Female,Entry,No
1195,35,Other,Entry,No
1196,34,Other,Entry,No
1197,28,Male,Mid,No
1198,33,Male,Mid,Yes
1199,58,Male,Mid,Yes
1200,25,Female,Entry,No
1201,23,Female,Entry,No
1202,56,Other,Mid,No
1203,24,Male,Mid,No
1204,25,Other,Mid,Yes
1205,59,Male,Mid,No
1206,33,Male,Entry,Yes
1207,40,Female,Entry,No
1208,31,Male,Entry,No
1209,22,Male,Entry,No
1210,38,Female,Entry,No
1211,37,Male,Entry,Yes
1212,30,Male,Entry,No
1213,30,Male,Entry,No
1214,30,Other,Mid,No
1215,33,Female,Entry,No
1216,36,Male,Mid,No
1217,23,Female,Mid,No
1218,32,Female,Mid,No
1219,32,Male,Unknown,No
1220,29,Female,Entry,Yes
1221,53,Other,Mid,No
1222,27,Female,Unknown,No
1223,41,Other,Senior,Yes
1224,56,Male,Entry,Yes
1225,29,Male,Entry,No
1226,55,Female,Entry,No
1227,40,Female,Mid,No
1228,28,Male,Mid,No
1229,52,Other,Entry,No
1230,39,Male,Mid,No
1231,35,Other,Mid,No
1232,57,Female,Mid,No
1233,38,Female,Senior,No
1234,58,Female,Mid,No
1235,30,Other,Entry,No
1236,41,Other,Mid,No
1237,49,Female,Entry,No
1238,41,Female,Mid,No
1239,57,Female,Unknown,No
1240,48,Male,Senior,No
1241,29,Other,Mid,No
1242,53,Male,Entry,No
1243,22,Male,Entry,No
1244,38,Male,Mid,No
1245,30,Male,Entry,No
1246,41,Male,Mid,No
1247,53,Female,Entry,No
1248,23,Other,Entry,No
1249,53,Female,Entry,No
1250,30,Female,Unknown,No
1251,51,Other,Mid,No
1252,41,Male,Entry,No
1253,59,Female,Entry,No
1254,22,Male,Mid,No
1255,26,Female,Entry,No
1256,56,Other,Mid,No
1257,57,Male,Senior,No
1258,22,Female,Mid,No
1259,35,Other,Mid,Yes
1260,30,Male,Mid,No
1261,51,Other,Senior,No
1262,45,Male,Senior,No
1263,25,Male,Mid,Yes
1264,35,Other,Entry,No
1265,46,Female,Mid,No
1266,25,Female,Entry,Yes
1267,46,Female,Mid,Yes
1268,31,Female,Mid,Yes
1269,56,Female,Entry,No
1270,28,Male,Entry,Yes
1271,34,Other,Mid,No
1272,25,Male,Senior,No
1273,57,Female,Mid,No
1274,35,Female,Mid,No
1275,39,Male,Entry,No
1276,29,Male,Mid,Yes
1277,53,Female,Mid,No
1278,48,Male,Mid,No
1279,58,Male,Entry,No
1280,44,Other,Mid,No
1281,28,Other,Entry,Yes
1282,33,Male,Entry,No
1283,46,Female,Unknown,No
1284,24,Male,Entry,Yes
1285,47,Female,Entry,No
1286,25,Female,Mid,No
1287,57,Female,Senior,No
1288,36,Other,Mid,No
1289,53,Male,Mid,No
1290,50,Female,Senior,Yes
1291,31,Other,Entry,No
1292,42,Male,Entry,No
1293,37,Female,Entry,Yes
1294,40,Other,Senior,No
1295,50,Male,Entry,No
1296,39,Female,Entry,No
1297,37,Other,Mid,Yes
1298,22,Female,Mid,No
1299,23,Male,Mid,No
1300,36,Female,Mid,No
1301,49,Female,Entry,No
1302,22,Other,Mid,No
1303,26,Female,Mid,No
1304,43,Female,Senior,Yes
1305,57,Female,Entry,No
1306,34,Male,Senior,No
1307,22,Female,Mid,No
1308,37,Female,Entry,No
1309,43,Male,Mid,No
1310,53,Other,Entry,No
1311,37,Female,Unknown,No
1312,36,Other,Senior,No
1313,33,Male,Entry,No
1314,22,Other,Entry,No
1315,38,Other,Entry,Yes
1316,49,Male,Entry,Yes
1317,28,Male,Entry,Yes
1318,30,Other,Entry,No
1319,43,Female,Mid,Yes
1320,47,Male,Entry,No
1321,33,Male,Senior,No
1322,28,Female,Senior,Yes
1323,36,Other,Mid,No
1324,59,Female,Senior,Yes
1325,42,Male,Entry,No
1326,35,Male,Entry,No
1327,23,Other,Mid,No
1328,29,Male,Mid,Yes
1329,27,Male,Mid,No
1330,58,Female,Senior,No
1331,58,Female,Unknown,No
1332,54,Female,Mid,No
1333,27,Female,Mid,No
1334,47,Male,Entry,No
1335,58,Male,Entry,No
1336,35,Male,Mid,Yes
1337,58,Male,Mid,No
1338,29,Female,Mid,No
1339,34,Female,Entry,No
1340,34,Male,Mid,No
1341,49,Male,Entry,No
1342,39,Female,Mid,No
1343,40,Other,Entry,No
1344,59,Female,Entry,Yes
1345,53,Female,Entry,No
1346,43,Female,Entry,No
1347,23,Female,Senior,No
1348,34,Other,Entry,No
1349,44,Other,Entry,No
1350,46,Male,Mid,No
1351,49,Male,Mid,No
1352,32,Female,Entry,No
1353,54,Other,Entry,No
1354,45,Male,Unknown,No
1355,23,Male,Mid,Yes
1356,51,Male,Entry,No
1357,38,Male,Mid,Yes
1358,55,Male,Entry,No
1359,59,Female,Entry,No
1360,43,Male,Mid,No
1361,26,Male,Senior,No
1362,37,Female,Entry,No
1363,34,Male,Senior,No
1364,47,Female,Entry,No
1365,52,Other,Entry,No
1366,44,Male,Entry,No
1367,33,Other,Entry,No
1368,35,Female,Senior,No
1369,39,Male,Mid,No
1370,48,Female,Entry,Yes
1371,49,Female,Unknown,No
1372,39,Male,Senior,No
1373,37,Female,Mid,No
1374,37,Male,Senior,No
1375,34,Male,Entry,No
1376,50,Female,Senior,No
1377,30,Male,Mid,No
1378,47,Male,Senior,No
1379,49,Female,Mid,No
1380,34,Male,Entry,No
1381,57,Female,Mid,Yes
1382,30,Male,Entry,No
1383,35,Male,Entry,No
1384,33,Other,Entry,No
1385,53,Female,Senior,No
1386,59,Female,Entry,No
1387,24,Male,Mid,No
1388,37,Male,Entry,No
1389,41,Male,Unknown,Yes
1390,53,Other,Entry,No
1391,44,Female,Mid,Yes
1392,38,Male,Senior,No
1393,37,Other,Mid,Yes
1394,59,Male,Entry,No
1395,29,Other,Mid,Yes
1396,40,Female,Senior,No
1397,51,Other,Mid,No
1398,55,Male,Entry,No
1399,35,Male,Senior,No
1400,43,Female,Entry,No
1401,38,Other,Mid,No
1402,36,Male,Senior,No
1403,53,Female,Entry,No
1404,34,Female,Mid,No
1405,42,Other,Mid,No
1406,54,Male,Senior,No
1407,48,Female,Entry,No
1408,56,Male,Mid,Yes
1409,37,Female,Senior,No
1410,49,Other,Entry,No
1411,55,Male,Entry,Yes
1412,22,Male,Unknown,No
1413,52,Female,Entry,No
1414,57,Female,Unknown,Yes
1415,54,Female,Entry,No
1416,54,Female,Entry,No
1417,39,Male,Mid,No
1418,44,Male,Mid,No
1419,44,Other,Mid,No
1420,36,Male,Mid,No
1421,47,Female,Senior,No
1422,51,Female,Entry,No
1423,46,Female,Mid,No
1424,37,Male,Entry,Yes
1425,35,Male,Mid,No
1426,38,Other,Entry,No
1427,33,Female,Entry,Yes
1428,50,Male,Mid,No
1429,53,Female,Entry,Yes
1430,45,Other,Entry,No
1431,34,Female,Mid,No
1432,41,Female,Mid,No
1433,36,Other,Senior,Yes
1434,25,Other,Mid,No
1435,55,Other,Entry,No
1436,49,Male,Mid,No
1437,23,Other,Entry,No
1438,51,Female,Mid,No
1439,47,Female,Unknown,No
1440,47,Female,Mid,No
1441,41,Male,Mid,Yes
1442,49,Male,Entry,No
1443,41,Male,Mid,No
1444,32,Other,Senior,No
1445,31,Male,Entry,Yes
1446,44,Female,Entry,No
1447,58,Female,Mid,No
1448,40,Male,Mid,No
1449,39,Female,Entry,No
1450,48,Other,Senior,No
1451,27,Female,Entry,Yes
1452,31,Female,Entry,Yes
1453,23,Male,Mid,No
1454,45,Other,Entry,No
1455,59,Female,Mid,No
1456,49,Female,Entry,No
1457,49,Other,Entry,No
1458,23,Female,Entry,No
1459,26,Female,Senior,No
1460,32,Male,Mid,No
1461,31,Other,Mid,No
1462,23,Male,Entry,No
1463,36,Female,Mid,Yes
1464,58,Male,Mid,No
1465,28,Male,Senior,No
1466,41,Male,Mid,No
1467,55,Female,Mid,No
1468,56,Male,Entry,No
1469,55,Other,Mid,Yes
1470,43,Male,Mid,Yes
1471,52,Male,Senior,No
1472,44,Male,Entry,No
1473,40,Female,Entry,No
1474,25,Female,Mid,Yes
1475,45,Male,Entry,No
1476,41,Male,Entry,No
1477,49,Female,Senior,No
1478,38,Male,Mid,No
1479,40,Other,Senior,Yes
1480,56,Other,Senior,No
1481,53,Female,Entry,No
1482,56,Male,Mid,No
1483,51,Female,Entry,No
1484,38,Other,Senior,Yes
1485,50,Male,Mid,No
1486,27,Male,Entry,No
1487,38,Male,Entry,Yes
1488,38,Female,Mid,No
1489,35,Male,Entry,No
1490,45,Male,Entry,No
1491,58,Female,Mid,No
1492,53,Male,Senior,No
1493,57,Female,Entry,No
1494,58,Male,Mid,No
1495,35,Female,Senior,No
1496,48,Male,Entry,Yes
1497,40,Male,Senior,No
1498,52,Female,Entry,No
1499,30,Other,Mid,No
1500,59,Male,Mid,No
1501,38,Other,Mid,No
1502,40,Female,Senior,Yes
1503,25,Other,Entry,No
1504,32,Male,Entry,No
1505,43,Other,Mid,No
1506,25,Male,Senior,Yes
1507,38,Male,Entry,Yes
1508,29,Female,Senior,No
1509,55,Other,Entry,No
1510,32,Male,Entry,No
1511,52,Female,Mid,No
1512,32,Female,Entry,No
1513,59,Other,Mid,No
1514,42,Female,Entry,No
1515,51,Female,Entry,No
1516,31,Male,Mid,No
1517,47,Male,Mid,No
1518,48,Other,Mid,No
1519,29,Female,Mid,No
1520,29,Male,Entry,No
1521,29,Female,Mid,No
1522,55,Female,Unknown,Yes
1523,37,Female,Senior,No
1524,34,Male,Entry,No
1525,44,Female,Entry,No
1526,33,Female,Senior,No
1527,48,Other,Mid,Yes
1528,43,Male,Mid,Yes
1529,53,Other,Mid,No
1530,48,Male,Entry,No
1531,23,Female,Mid,No
1532,54,Male,Unknown,No
1533,47,Male,Mid,No
1534,49,Male,Entry,No
1535,40,Male,Entry,No
1536,26,Male,Entry,No
1537,54,Female,Mid,No
1538,41,Male,Entry,Yes
1539,51,Female,Entry,No
1540,29,Male,Senior,No
1541,59,Male,Entry,No
1542,38,Other,Entry,Yes
1543,22,Male,Entry,Yes
1544,24,Male,Entry,No
1545,47,Male,Mid,No
1546,52,Male,Senior,No
1547,29,Female,Senior,No
1548,29,Other,Mid,Yes
1549,56,Other,Mid,No
1550,49,Female,Mid,Yes
1551,25,Male,Entry,No
1552,37,Male,Entry,No
1553,34,Female,Senior,No
1554,41,Male,Entry,No
1555,26,Male,Entry,No
1556,58,Female,Mid,No
1557,41,Male,Mid,No
1558,45,Male,Entry,No
1559,57,Other,Entry,No
1560,55,Other,Entry,No
1561,55,Female,Mid,No
1562,40,Male,Entry,No
1563,38,Female,Mid,No
1564,26,Male,Mid,No
1565,46,Other,Senior,No
1566,39,Female,Entry,No
1567,29,Female,Entry,No
1568,48,Female,Mid,No
1569,36,Female,Mid,No
1570,34,Other,Entry,No
1571,37,Female,Mid,No
1572,43,Female,Entry,No
1573,41,Male,Entry,No
1574,34,Male,Mid,No
1575,41,Male,Entry,No
1576,23,Other,Senior,No
1577,56,Female,Mid,No
1578,40,Female,Mid,No
1579,58,Male,Mid,No
1580,27,Male,Mid,No
1581,35,Male,Entry,No
1582,25,Male,Senior,No
1583,43,Female,Unknown,Yes
1584,57,Female,Entry,No
1585,55,Male,Entry,No
1586,48,Female,Entry,No
1587,28,Male,Mid,No
1588,24,Female,Mid,No
1589,54,Male,Senior,Yes
1590,23,Other,Mid,No
1591,37,Male,Mid,Yes
1592,46,Male,Mid,No
1593,36,Male,Mid,No
1594,45,Male,Mid,No
1595,36,Other,Mid,No
1596,52,Other,Mid,No
1597,35,Other,Mid,No
1598,35,Female,Mid,No
1599,27,Female,Mid,No
1600,35,Male,Mid,No
1601,38,Male,Mid,No
1602,39,Other,Mid,Yes
1603,41,Female,Mid,Yes
1604,38,Female,Mid,Yes
1605,37,Female,Entry,No
1606,53,Male,Entry,No
1607,30,Female,Mid,No
1608,48,Male,Mid,No
1609,54,Other,Unknown,No
1610,31,Other,Entry,No
1611,38,Other,Entry,No
1612,57,Female,Entry,No
1613,38,Female,Entry,No
1614,39,Male,Mid,No
1615,44,Male,Entry,Yes
1616,55,Female,Mid,No
1617,29,Male,Mid,No
1618,34,Female,Mid,No
1619,44,Other,Senior,No
1620,41,Other,Mid,No
1621,43,Other,Entry,Yes
1622,44,Male,Senior,No
1623,56,Other,Senior,Yes
1624,24,Female,Entry,No
1625,55,Female,Entry,No
1626,54,Other,Entry,Yes
1627,38,Male,Entry,No
1628,40,Female,Unknown,No
1629,51,Other,Mid,No
1630,44,Male,Entry,No
1631,36,Other,Senior,No
1632,35,Female,Mid,No
1633,23,Female,Entry,No
1634,39,Female,Senior,No
1635,27,Male,Senior,Yes
1636,53,Male,Senior,Yes
1637,42,Female,Mid,No
1638,49,Female,Mid,No
1639,48,Male,Entry,No
1640,23,Male,Mid,No
1641,54,Other,Unknown,Yes
1642,37,Male,Entry,No
1643,43,Male,Mid,No
1644,34,Female,Mid,Yes
1645,23,Female,Entry,No
1646,35,Other,Mid,No
1647,59,Female,Entry,Yes
1648,49,Other,Mid,No
1649,28,Male,Entry,No
1650,39,Male,Senior,No
1651,57,Male,Entry,No
1652,57,Male,Entry,No
1653,25,Male,Entry,No
1654,51,Male,Senior,No
1655,45,Male,Mid,Yes
1656,41,Female,Mid,No
1657,52,Other,Mid,Yes
1658,45,Female,Mid,No
1659,28,Other,Entry,No
1660,47,Female,Mid,No
1661,34,Female,Entry,Yes
1662,29,Male,Unknown,No
1663,26,Female,Mid,No
1664,34,Male,Mid,Yes
1665,50,Male,Entry,No
1666,41,Female,Mid,Yes
1667,35,Female,Entry,No
1668,53,Female,Entry,Yes
1669,48,Male,Entry,No
1670,46,Female,Mid,Yes
1671,25,Other,Mid,No
1672,42,Male,Entry,No
1673,39,Male,Entry,No
1674,36,Female,Mid,No
1675,59,Male,Mid,Yes
1676,45,Other,Entry,No
1677,29,Female,Entry,Yes
1678,49,Other,Senior,No
1679,42,Male,Unknown,Yes
1680,37,Female,Unknown,No
1681,37,Other,Senior,No
1682,56,Male,Entry,No
1683,38,Male,Entry,No
1684,30,Female,Entry,No
1685,56,Female,Entry,No
1686,50,Female,Unknown,No
1687,39,Male,Mid,No
1688,33,Other,Mid,No
1689,40,Female,Entry,No
1690,43,Male,Senior,No
1691,36,Female,Senior,No
1692,22,Female,Entry,No
1693,23,Female,Senior,No
1694,29,Male,Entry,No
1695,43,Other,Entry,No
1696,46,Male,Mid,No
1697,23,Male,Mid,No
1698,30,Female,Entry,No
1699,30,Female,Entry,No
1700,34,Female,Unknown,No
1701,27,Female,Mid,Yes
1702,51,Male,Mid,Yes
1703,36,Female,Entry,Yes
1704,36,Female,Entry,No
1705,28,Male,Entry,No
1706,32,Male,Entry,No
1707,59,Male,Entry,No
1708,23,Other,Entry,No
1709,31,Female,Mid,No
1710,38,Male,Entry,No
1711,28,Male,Senior,No
1712,25,Female,Entry,Yes
1713,56,Other,Mid,Yes
1714,57,Female,Entry,Yes
1715,52,Other,Mid,No
1716,46,Female,Entry,No
1717,34,Female,Unknown,Yes
1718,39,Other,Mid,Yes
1719,42,Female,Mid,Yes
1720,22,Female,Entry,No
1721,57,Female,Mid,No
1722,29,Female,Mid,No
1723,42,Female,Entry,No
1724,42,Female,Mid,No
1725,48,Male,Senior,Yes
1726,40,Other,Mid,No
1727,44,Male,Senior,No
1728,56,Other,Senior,No
1729,26,Female,Senior,No
1730,29,Female,Mid,No
1731,32,Other,Mid,No
1732,37,Female,Mid,Yes
1733,45,Female,Mid,No
1734,42,Female,Unknown,Yes
1735,44,Other,Entry,No
1736,59,Other,Entry,No
1737,29,Other,Entry,No
1738,28,Male,Entry,No
1739,23,Male,Entry,No
1740,51,Male,Mid,No
1741,34,Male,Entry,No
1742,44,Male,Mid,No
1743,50,Male,Mid,No
1744,59,Male,Entry,No
1745,58,Other,Entry,No
1746,41,Male,Mid,Yes
1747,54,Male,Mid,No
1748,50,Other,Senior,Yes
1749,36,Male,Senior,No
1750,44,Male,Unknown,No
1751,24,Male,Mid,No
1752,58,Male,Senior,Yes
1753,50,Female,Senior,Yes
1754,29,Female,Senior,No
1755,43,Female,Entry,No
1756,50,Male,Unknown,No
1757,23,Other,Mid,No
1758,22,Male,Mid,No
1759,41,Female,Entry,Yes
1760,42,Male,Entry,Yes
1761,58,Other,Entry,No
1762,29,Female,Entry,No
1763,48,Female,Entry,No
1764,56,Male,Senior,Yes
1765,27,Other,Entry,Yes
1766,40,Male,Entry,No
1767,39,Male,Entry,No
1768,22,Male,Mid,No
1769,46,Other,Entry,No
1770,48,Male,Entry,No
1771,28,Female,Mid,No
1772,50,Female,Mid,Yes
1773,52,Other,Entry,Yes
1774,57,Male,Entry,Yes
1775,40,Other,Entry,No
1776,27,Male,Unknown,No
1777,46,Female,Entry,No
1778,52,Female,Mid,Yes
1779,30,Male,Entry,No
1780,41,Other,Mid,No
1781,31,Male,Entry,No
1782,58,Female,Entry,No
1783,48,Male,Mid,Yes
1784,34,Female,Entry,No
1785,23,Female,Entry,No
1786,42,Male,Mid,No
1787,54,Male,Unknown,Yes
1788,45,Male,Entry,No
1789,55,Male,Mid,No
1790,30,Male,Unknown,No
1791,23,Female,Senior,No
1792,51,Male,Mid,No
1793,43,Male,Mid,No
1794,32,Female,Entry,No
1795,38,Female,Mid,No
1796,57,Other,Entry,No
1797,34,Female,Entry,No
1798,28,Female,Mid,Yes
1799,37,Male,Entry,No
1800,54,Male,Mid,No
1801,22,Male,Mid,No
1802,32,Female,Mid,Yes
1803,27,Female,Entry,No
1804,41,Male,Entry,Yes
1805,56,Male,Mid,No
1806,58,Male,Unknown,Yes
1807,47,Female,Entry,No
1808,33,Other,Entry,No
1809,51,Female,Senior,No
1810,49,Male,Entry,No
1811,48,Male,Senior,No
1812,40,Male,Mid,Yes
1813,26,Other,Mid,No
1814,26,Female,Entry,Yes
1815,48,Other,Entry,No
1816,49,Female,Entry,No
1817,47,Female,Senior,No
1818,48,Female,Mid,No
1819,42,Female,Mid,Yes
1820,22,Female,Mid,No
1821,49,Male,Entry,No
1822,36,Female,Mid,No
1823,38,Female,Mid,No
1824,47,Male,Mid,No
1825,41,Other,Entry,Yes
1826,46,Other,Mid,No
1827,34,Other,Senior,No
1828,54,Female,Mid,No
1829,46,Male,Entry,No
1830,29,Female,Mid,Yes
1831,26,Female,Entry,Yes
1832,27,Female,Mid,Yes
1833,44,Female,Unknown,No
1834,51,Female,Mid,Yes
1835,35,Other,Mid,No
1836,44,Female,Mid,No
1837,32,Other,Entry,Yes
1838,52,Other,Entry,No
1839,27,Female,Senior,No
1840,32,Female,Mid,No
1841,34,Other,Entry,No
1842,33,Male,Entry,No
1843,23,Male,Mid,No
1844,56,Female,Mid,Yes
1845,57,Female,Senior,No
1846,38,Female,Entry,No
1847,49,Other,Senior,No
1848,49,Female,Mid,No
1849,43,Male,Mid,No
1850,59,Other,Mid,No
1851,28,Other,Entry,No
1852,36,Male,Unknown,Yes
1853,53,Female,Entry,Yes
1854,32,Other,Entry,No
1855,45,Male,Senior,No
1856,24,Male,Mid,No
1857,51,Male,Senior,No
1858,27,Female,Mid,Yes
1859,23,Male,Entry,Yes
1860,35,Male,Senior,No
1861,39,Other,Entry,Yes
1862,52,Female,Senior,No
1863,34,Other,Entry,No
1864,47,Female,Senior,No
1865,33,Male,Entry,No
1866,39,Male,Mid,No
1867,30,Other,Senior,Yes
1868,42,Male,Mid,No
1869,45,Male,Mid,No
1870,55,Female,Senior,No
1871,29,Female,Mid,No
1872,54,Male,Senior,No
1873,44,Other,Mid,No
1874,34,Other,Entry,No
1875,35,Female,Entry,No
1876,35,Female,Entry,No
1877,37,Male,Entry,No
1878,59,Female,Mid,Yes
1879,47,Other,Entry,No
1880,47,Female,Entry,Yes
1881,22,Other,Entry,No
1882,53,Male,Senior,No
1883,36,Other,Mid,No
1884,42,Female,Entry,Yes
1885,39,Female,Senior,No
1886,51,Other,Entry,No
1887,34,Male,Unknown,Yes
1888,45,Female,Mid,No
1889,51,Female,Entry,Yes
1890,23,Other,Mid,No
1891,40,Male,Mid,Yes
1892,46,Female,Mid,No
1893,35,Other,Senior,No
1894,27,Male,Entry,No
1895,33,Female,Entry,No
1896,41,Female,Entry,No
1897,44,Other,Entry,Yes
1898,51,Other,Entry,No
1899,51,Female,Senior,No
1900,59,Male,Entry,No
1901,51,Female,Mid,No
1902,51,Female,Mid,No
1903,57,Other,Senior,No
1904,55,Female,Unknown,No
1905,37,Female,Mid,Yes
1906,45,Male,Unknown,No
1907,35,Other,Mid,No
1908,47,Male,Unknown,Yes
1909,29,Male,Mid,No
1910,35,Male,Entry,No
1911,52,Male,Mid,No
1912,23,Male,Mid,No
1913,25,Male,Entry,Yes
1914,22,Female,Entry,No
1915,41,Female,Mid,No
1916,35,Female,Senior,No
1917,46,Male,Entry,No
1918,46,Female,Mid,No
1919,24,Male,Mid,No
1920,26,Male,Unknown,No
1921,59,Other,Senior,No
1922,47,Female,Mid,No
1923,59,Other,Mid,No
1924,59,Other,Entry,No
1925,25,Male,Mid,Yes
1926,28,Female,Mid,No
1927,51,Other,Senior,No
1928,51,Female,Mid,No
1929,40,Female,Entry,No
1930,56,Other,Mid,No
1931,54,Other,Entry,No
1932,54,Female,Entry,Yes
1933,35,Female,Entry,Yes
1934,59,Other,Entry,No
1935,31,Male,Senior,No
1936,49,Female,Entry,No
1937,35,Female,Entry,No
1938,57,Other,Unknown,No
1939,59,Female,Entry,No
1940,37,Other,Entry,No
1941,42,Male,Entry,No
1942,49,Other,Entry,No
1943,54,Male,Entry,No
1944,27,Male,Entry,No
1945,36,Female,Mid,No
1946,24,Female,Entry,No
1947,56,Female,Entry,No
1948,35,Other,Senior,No
1949,23,Male,Mid,Yes
1950,50,Male,Senior,No
1951,25,Female,Mid,No
1952,47,Male,Entry,No
1953,33,Male,Mid,No
1954,23,Male,Entry,Yes
1955,38,Male,Entry,Yes
1956,56,Female,Mid,No
1957,31,Other,Mid,Yes
1958,43,Female,Mid,No
1959,42,Other,Senior,No
1960,36,Female,Entry,No
1961,56,Male,Mid,Yes
1962,42,Male,Mid,No
1963,42,Male,Unknown,No
1964,42,Male,Senior,Yes
1965,53,Male,Senior,No
1966,26,Female,Entry,No
1967,30,Male,Mid,No
1968,39,Female,Entry,No
1969,42,Other,Entry,No
1970,29,Male,Senior,No
1971,55,Male,Entry,No
1972,31,Male,Unknown,No
1973,45,Other,Entry,No
1974,45,Other,Senior,No
1975,53,Female,Entry,No
1976,54,Female,Entry,Yes
1977,59,Female,Entry,No
1978,55,Female,Mid,No
1979,32,Male,Entry,No
1980,52,Female,Mid,No
1981,39,Female,Entry,No
1982,44,Male,Entry,No
1983,43,Male,Entry,No
1984,39,Male,Mid,No
1985,41,Female,Senior,No
1986,34,Other,Senior,No
1987,22,Female,Entry,No
1988,25,Female,Mid,No
1989,45,Female,Mid,No
1990,57,Female,Entry,No
1991,57,Female,Mid,No
1992,23,Male,Mid,No
1993,49,Male,Entry,No
1994,47,Other,Entry,Yes
1995,44,Female,Entry,No
1996,36,Female,Mid,Yes
1997,57,Female,Entry,No
1998,48,Female,Entry,No
1999,27,Female,Entry,No
2000,56,Male,Entry,No